Year,State,Value
2015,RI,0.2
2015,VT,0.3
2017,VA,0.3
2017,DE,0.4
2015,RI,0.4
2017,WV,0.6
2015,FL,0.6
2017,NM,0.7
2015,MD,0.7
2015,RI,0.8
2015,RI,0.9
2017,MD,0.9
2015,RI,1
2017,MD,1
2017,DE,1
2015,ND,1.1
2015,DE,1.1
2017,MD,1.1
2015,VA,1.1
2017,MD,1.2
2017,RI,1.2
2017,NY,1.2
2017,MD,1.2
2017,DE,1.2
2015,RI,1.2
2017,VA,1.3
2017,MD,1.3
2017,NV,1.3
2017,RI,1.3
2017,VT,1.4
2015,VT,1.4
2015,RI,1.4
2015,VA,1.5
2011,RI,1.5
2015,VA,1.5
2007,RI,1.5
2015,VA,1.5
2017,DE,1.5
2017,MD,1.5
2017,VT,1.5
2013,MA,1.5
2015,IL,1.6
2015,VA,1.6
2015,VT,1.6
2017,RI,1.6
2017,CA,1.6
2017,VT,1.6
2015,VA,1.6
2015,VT,1.7
2013,VA,1.7
2017,RI,1.7
2017,DE,1.7
2017,NM,1.7
2017,FL,1.7
2015,MI,1.7
2013,FL,1.8
2017,IL,1.8
2017,ND,1.8
2017,KY,1.8
2017,ME,1.8
2017,CA,1.8
2017,VA,1.8
2017,FL,1.8
2015,VT,1.8
2013,CO,1.9
2013,VA,1.9
2015,DE,1.9
2015,DC,1.9
2017,ME,1.9
2017,VT,1.9
2017,RI,1.9
2017,IA,1.9
2017,VT,1.9
2017,RI,1.9
2017,DE,1.9
2017,ME,1.9
2017,TN,1.9
2017,MA,1.9
2013,VT,2
2013,CO,2
2013,VT,2
2013,DC,2
2015,VT,2
2015,MD,2
2015,ME,2
2017,MD,2
2017,ND,2
2017,DC,2
2017,NV,2
2017,NV,2
2017,VA,2
2017,DE,2
2013,VA,2
2013,VT,2
2013,VT,2.1
2017,NV,2.1
2017,MD,2.1
2017,KY,2.1
2017,ME,2.1
2017,NV,2.1
2017,VT,2.1
2015,DE,2.1
2013,VA,2.1
2015,RI,2.2
2015,DC,2.2
2011,VT,2.2
2017,HI,2.2
2017,GU,2.2
2017,NM,2.2
2017,FL,2.2
2017,ME,2.2
2017,FL,2.2
2017,US,2.2
2013,RI,2.2
2013,CO,2.3
2013,PR,2.3
2015,DE,2.3
2015,RI,2.3
2015,ND,2.3
2013,ND,2.3
2015,GU,2.3
2015,MD,2.3
2015,VT,2.3
2013,RI,2.4
2015,DE,2.4
2017,VA,2.4
2017,VA,2.4
2017,NY,2.4
2013,NM,2.5
2011,PR,2.5
2015,MD,2.5
2013,VT,2.5
2015,MD,2.5
2013,CO,2.5
2013,MD,2.5
2015,IL,2.5
2013,VA,2.5
2017,HI,2.5
2017,FL,2.5
2017,ND,2.5
2015,VA,2.6
2013,VA,2.6
2017,WV,2.6
2017,NV,2.6
2017,VA,2.6
2017,FL,2.6
2013,WI,2.7
2015,MD,2.7
2013,VA,2.7
2017,FL,2.7
2017,PR,2.7
2017,MI,2.7
2017,DE,2.7
2017,KY,2.7
2013,VA,2.7
2013,DE,2.7
2015,NM,2.7
2015,ND,2.8
2011,PR,2.8
2013,VA,2.8
2013,AK,2.8
2017,NV,2.8
2017,DC,2.8
2017,MD,2.8
2015,MD,2.8
2015,VA,2.9
2013,VA,2.9
2017,KY,2.9
2017,ND,2.9
2017,GU,2.9
2015,PR,3
2011,PR,3
2017,UT,3
2017,PA,3
2007,RI,3
2015,MA,3
2015,DE,3.1
2011,CO,3.1
2011,VT,3.1
2015,MD,3.1
2017,FL,3.1
2015,CA,3.1
2015,ME,3.2
2015,HI,3.2
2015,HI,3.2
2013,MD,3.2
2013,ME,3.2
2017,DE,3.2
2013,GU,3.2
2011,GA,3.2
2013,CO,3.3
2015,DE,3.3
2015,ME,3.3
2011,VT,3.3
2013,DE,3.3
2011,VT,3.3
2017,NV,3.3
2017,KY,3.3
2017,DC,3.3
2017,NY,3.3
2017,KY,3.3
2013,ME,3.4
2015,DC,3.4
2013,FL,3.4
2015,ME,3.4
2015,FL,3.4
2011,CO,3.4
2003,HI,3.4
2015,DC,3.4
2011,ND,3.4
2017,VA,3.4
2017,NM,3.4
2017,NV,3.4
2017,PR,3.4
2017,VT,3.4
2015,ME,3.4
2013,UT,3.5
2013,RI,3.5
2013,MD,3.5
2011,VT,3.5
2007,ND,3.5
2015,ME,3.5
2017,WV,3.5
2017,MD,3.5
2017,UT,3.5
2017,PR,3.5
2017,VT,3.5
2011,RI,3.6
2015,ND,3.6
2015,PR,3.6
2011,PR,3.6
2013,PR,3.6
2013,PR,3.6
2013,TN,3.6
2015,FL,3.6
2013,FL,3.6
2015,FL,3.6
2015,MD,3.6
2017,DC,3.6
2017,WV,3.6
2017,PA,3.6
2017,FL,3.6
2017,FL,3.6
2017,VA,3.6
2011,RI,3.6
2013,GA,3.6
2007,RI,3.6
2015,VA,3.7
2015,NM,3.7
2015,RI,3.7
2015,MD,3.7
2007,RI,3.7
2015,IL,3.7
2017,WV,3.7
2017,RI,3.7
2017,ND,3.7
2017,TX,3.7
2015,FL,3.7
2013,NV,3.7
2011,CO,3.7
2015,NC,3.8
2015,PR,3.8
2013,HI,3.8
2013,GA,3.8
2015,NH,3.8
2015,DC,3.8
2015,FL,3.8
2011,DE,3.8
2015,FL,3.8
2013,UT,3.8
2013,MD,3.8
2013,HI,3.8
2013,MI,3.8
2017,NM,3.8
2017,UT,3.8
2017,GU,3.8
2009,RI,3.8
2015,DC,3.9
2013,FL,3.9
2011,RI,3.9
2015,AR,3.9
2013,MD,3.9
2007,GA,3.9
2017,CT,3.9
2017,US,3.9
2017,WV,3.9
2017,MA,3.9
2013,ME,3.9
2015,DC,4
2013,FL,4
2017,MA,4
2017,SC,4
2017,DC,4
2007,GU,4
2013,RI,4
2013,DE,4
2007,RI,4.1
2013,ND,4.1
2015,FL,4.1
2013,ME,4.1
2011,RI,4.1
2015,TN,4.1
2017,ME,4.1
2017,HI,4.1
2017,WI,4.1
2017,WV,4.1
2001,HI,4.2
2013,LA,4.2
2013,MD,4.2
2009,NM,4.2
2013,GA,4.2
2011,WI,4.2
2011,NM,4.2
2013,ND,4.2
2017,DC,4.2
2017,HI,4.2
2011,CO,4.3
2013,ND,4.3
2013,DE,4.3
2015,PR,4.3
2007,HI,4.3
2011,CO,4.3
2015,ND,4.3
2013,RI,4.3
2013,FL,4.3
2013,DC,4.3
2015,NM,4.3
2017,UT,4.3
2017,UT,4.3
2017,NM,4.3
2017,NH,4.3
2017,LA,4.3
2017,CT,4.3
2013,FL,4.3
2007,RI,4.4
2009,RI,4.4
2009,RI,4.4
2013,WY,4.4
2009,NM,4.4
2009,NV,4.4
2015,HI,4.4
2017,PR,4.4
2017,US,4.4
2013,FL,4.4
2013,UT,4.4
2015,MA,4.5
2013,ME,4.5
2009,GA,4.5
2013,DE,4.5
2011,UT,4.5
2015,RI,4.5
2011,ND,4.5
2011,RI,4.5
2013,NM,4.6
2013,HI,4.6
2011,KY,4.6
2013,DC,4.6
2015,NM,4.6
2011,HI,4.6
2015,HI,4.6
2013,GA,4.6
2017,HI,4.6
2017,CA,4.6
2017,DC,4.6
2009,HI,4.6
2013,NM,4.6
2007,HI,4.7
2011,VT,4.7
2013,NC,4.7
2015,NY,4.7
2013,NM,4.7
2013,GA,4.7
2017,NC,4.7
2017,KS,4.7
2017,NC,4.7
2017,RI,4.7
2011,HI,4.7
2011,MA,4.8
2011,WY,4.8
2011,RI,4.8
2015,WV,4.8
2015,ME,4.8
2013,HI,4.8
2015,RI,4.8
2017,NM,4.8
2013,DC,4.9
2009,GA,4.9
2007,ND,4.9
2015,NM,4.9
2013,NM,4.9
2017,FL,4.9
2017,VA,4.9
2017,NM,4.9
2011,ME,4.9
2007,FL,5
2013,MD,5
2013,PR,5
2015,HI,5
2015,DC,5
2009,RI,5
2013,GA,5
2017,NY,5
2017,IL,5
2017,NY,5
2017,MO,5
2017,HI,5
2013,DC,5
2013,TN,5
2015,RI,5
2013,NC,5.1
2015,MD,5.1
2007,GA,5.1
2011,NC,5.1
2013,TN,5.1
2017,NM,5.1
2017,NC,5.1
2015,FL,5.1
2013,FL,5.1
2015,HI,5.2
2013,WY,5.2
2013,HI,5.2
2011,MI,5.2
2017,DE,5.2
2017,KS,5.2
2015,MI,5.2
2007,ME,5.2
2015,WV,5.3
2009,KY,5.3
2011,UT,5.3
2013,GA,5.3
2011,WY,5.3
2009,ND,5.3
2013,KY,5.3
2009,GA,5.3
2015,FL,5.3
2013,TN,5.3
2013,RI,5.3
2013,AK,5.3
2003,HI,5.3
2017,NC,5.3
2017,NE,5.3
2011,WY,5.3
2013,UT,5.3
2009,PA,5.4
2015,ND,5.4
2015,NY,5.4
2015,RI,5.4
2011,WY,5.4
2015,WV,5.4
2013,WY,5.4
2009,GA,5.4
2011,ME,5.4
2017,NC,5.4
2017,HI,5.4
2017,CA,5.4
2017,NY,5.4
2017,VA,5.4
2013,TN,5.5
2015,WV,5.5
2011,DE,5.5
2013,DC,5.5
2013,DC,5.5
2007,RI,5.5
2015,VT,5.5
2009,GA,5.5
2013,TN,5.5
2015,MD,5.5
2011,SC,5.5
2017,FL,5.5
2017,TX,5.5
2017,VA,5.5
2017,NY,5.5
2017,NC,5.5
2017,NC,5.5
2013,HI,5.5
2011,SC,5.5
2011,ME,5.6
2013,WY,5.6
2011,ME,5.6
2013,ME,5.6
2005,GA,5.6
2007,ME,5.6
2009,WY,5.6
2015,WV,5.6
2011,ND,5.6
2017,LA,5.6
2017,KS,5.6
2013,DC,5.7
2007,ND,5.7
2011,RI,5.7
2007,ME,5.7
2013,NY,5.7
2007,UT,5.7
2005,GA,5.7
2007,GA,5.7
2015,AK,5.7
2017,CA,5.7
2017,KS,5.7
2017,HI,5.7
2017,FL,5.7
2017,MD,5.7
2009,RI,5.7
2011,DE,5.7
2013,MD,5.8
2013,IL,5.8
2007,DC,5.8
2007,NY,5.8
2007,NV,5.8
2007,ME,5.8
2017,NY,5.8
2017,ME,5.8
2011,NE,5.8
2011,NJ,5.9
2015,NM,5.9
2013,RI,5.9
2013,TX,5.9
2009,RI,5.9
2015,MO,5.9
2011,UT,5.9
2017,RI,5.9
2017,CA,5.9
2017,CT,5.9
2017,CT,5.9
2013,NM,6
2011,GA,6
2015,KY,6
2011,DE,6
2011,DE,6
2013,UT,6
2013,NC,6
2017,ME,6
2017,NY,6
2015,GU,6
2013,NC,6.1
2011,MD,6.1
2013,TN,6.1
2013,SC,6.1
2011,GA,6.1
2011,HI,6.1
2011,SC,6.1
2017,RI,6.1
2009,ME,6.1
2009,GA,6.1
2013,VT,6.2
2013,KY,6.2
2007,DC,6.2
2009,MD,6.2
2013,KY,6.2
2011,OH,6.2
2009,NM,6.2
2017,WI,6.2
2017,DE,6.2
2017,AZ,6.2
2009,MS,6.2
2005,ME,6.3
2011,SC,6.3
2013,KY,6.3
2009,SC,6.3
2013,NM,6.3
2007,RI,6.3
2013,NC,6.3
2017,HI,6.3
2017,RI,6.3
2017,MD,6.3
2017,KY,6.3
2013,GU,6.3
2003,HI,6.3
2015,MS,6.3
2007,SC,6.4
2003,ND,6.4
2015,CT,6.4
2011,GA,6.4
2005,UT,6.4
2013,KY,6.4
2011,WY,6.4
2017,WI,6.4
2017,VA,6.4
2017,CA,6.4
2017,NV,6.4
2017,DE,6.4
2017,MA,6.4
2011,FL,6.4
2007,GA,6.4
2015,DC,6.4
2011,DE,6.5
2013,NM,6.5
2015,HI,6.5
2009,RI,6.5
2015,US,6.5
2011,WV,6.5
2015,SC,6.5
2007,LA,6.5
2009,UT,6.5
2009,NV,6.5
2013,NC,6.5
2017,FL,6.5
2017,VA,6.5
2017,ME,6.5
2017,IL,6.5
2013,GU,6.5
2007,ND,6.5
2013,US,6.6
2013,HI,6.6
2007,NV,6.6
2015,KY,6.6
2007,MI,6.6
2011,SC,6.6
2015,KY,6.6
2011,NC,6.6
2017,CO,6.6
2017,NH,6.6
2017,CO,6.6
2017,RI,6.6
2017,RI,6.6
2017,MA,6.6
2011,IN,6.6
2013,DC,6.7
2011,NM,6.7
2011,HI,6.7
2011,NJ,6.7
2015,KY,6.7
2009,ME,6.7
2015,MA,6.7
2017,NV,6.7
2015,ME,6.7
2015,CA,6.8
2011,NM,6.8
2011,ND,6.8
2007,DE,6.8
2013,DE,6.8
2005,RI,6.8
2013,MD,6.8
2015,AK,6.8
2011,GA,6.8
2013,WY,6.8
2009,WY,6.8
2007,MA,6.8
2003,GA,6.8
2009,NM,6.8
2015,VT,6.8
2013,WV,6.8
2017,MA,6.8
2017,PA,6.8
2011,SC,6.8
2011,MD,6.9
2015,NV,6.9
2013,RI,6.9
2009,HI,6.9
2015,HI,6.9
2011,WY,6.9
2013,WV,6.9
2007,NV,6.9
2011,IL,6.9
2007,UT,6.9
2013,MA,6.9
2017,TX,6.9
2009,UT,6.9
2009,FL,7
2003,HI,7
2011,NM,7
2005,ND,7
2015,US,7
2013,HI,7
2007,NV,7
2001,HI,7
2011,MA,7
2017,CO,7
2017,US,7
2017,AK,7
2017,NV,7
2017,NE,7
2011,UT,7
2011,RI,7
2005,RI,7.1
2013,WV,7.1
2009,RI,7.1
2007,WY,7.1
2005,GA,7.1
2015,IN,7.1
2001,UT,7.1
2015,NY,7.1
2013,WV,7.1
2005,ME,7.1
2005,UT,7.1
2009,NV,7.1
2013,TN,7.1
2017,AZ,7.1
2017,SC,7.1
2017,ME,7.1
2011,MS,7.1
2009,WY,7.2
2003,UT,7.2
2011,HI,7.2
2007,DC,7.2
2015,HI,7.2
2015,PA,7.2
2011,WV,7.2
2015,KY,7.2
2017,CO,7.2
2017,VT,7.2
2017,DE,7.2
2017,DC,7.2
2017,PA,7.2
2017,CT,7.2
2017,GU,7.2
2017,IL,7.2
2017,KS,7.2
2015,NY,7.2
2015,CA,7.3
2005,ND,7.3
2005,FL,7.3
2009,ND,7.3
2015,NV,7.3
2003,UT,7.3
2017,AZ,7.3
2017,VA,7.3
2017,AR,7.3
2017,NV,7.3
2003,UT,7.3
2009,ND,7.3
2007,DE,7.3
2009,NM,7.4
2007,NV,7.4
2013,MI,7.4
2009,NM,7.4
2007,NV,7.4
2007,SC,7.4
2003,UT,7.4
2015,CT,7.4
2017,TX,7.4
2017,NE,7.4
2017,NH,7.4
2017,AK,7.4
2017,AZ,7.4
2017,FL,7.4
2017,NE,7.4
2017,NE,7.4
2017,TN,7.4
2017,NM,7.4
2007,GU,7.4
2009,ND,7.4
2005,UT,7.4
2007,DE,7.5
2005,GA,7.5
2015,CA,7.5
2013,HI,7.5
2015,MI,7.5
2009,US,7.5
2005,WY,7.5
2009,WY,7.5
2007,WY,7.5
2015,NV,7.5
2013,SC,7.5
2005,ME,7.5
2017,US,7.5
2017,AZ,7.5
2003,ND,7.5
2011,RI,7.6
2001,ND,7.6
2011,NM,7.6
2015,NV,7.6
2011,MS,7.6
2007,GA,7.6
2011,US,7.6
2007,DC,7.6
2005,MI,7.6
2003,HI,7.6
2011,NC,7.6
2007,NY,7.6
2009,ME,7.6
2015,KY,7.6
2011,HI,7.6
2013,SC,7.6
2017,IL,7.6
2013,GU,7.6
2001,HI,7.6
2013,NC,7.6
2005,UT,7.6
2001,ME,7.7
2015,RI,7.7
2003,HI,7.7
2005,WY,7.7
2013,NY,7.7
2015,CA,7.7
2015,MA,7.7
2015,MD,7.7
2017,NC,7.7
2017,CO,7.7
2017,AR,7.7
2017,DC,7.7
2017,PA,7.7
2009,RI,7.7
2009,NY,7.7
2013,SC,7.8
2009,HI,7.8
2007,WY,7.8
2007,WY,7.8
2013,SC,7.8
2015,FL,7.8
2011,AR,7.8
2013,SC,7.8
2009,DE,7.8
2017,NH,7.8
2017,US,7.8
2017,VT,7.8
2017,WI,7.8
2003,ME,7.8
2011,NY,7.8
2009,RI,7.8
2013,CT,7.8
2007,UT,7.9
2015,VT,7.9
2013,NM,7.9
2015,VA,7.9
2007,HI,7.9
2013,RI,7.9
2011,KS,7.9
2009,DE,7.9
2017,CT,7.9
2013,RI,8
2013,AK,8
2001,UT,8
2007,HI,8
2011,WV,8
2007,IL,8
2013,NJ,8
2015,ME,8
2009,NV,8
2015,DE,8
2011,NC,8
2015,NH,8
2013,RI,8
2017,KS,8
2017,WI,8
2011,GU,8
2015,MA,8
2015,HI,8.1
2015,MO,8.1
2007,NV,8.1
2013,DE,8.1
2007,WY,8.1
2013,HI,8.1
2011,ME,8.1
2013,MD,8.1
2017,ME,8.1
2017,HI,8.1
2017,NV,8.1
2017,MO,8.1
2017,MD,8.1
2009,MS,8.1
2013,AK,8.2
2013,US,8.2
2011,NC,8.2
2007,SC,8.2
2015,VA,8.2
2003,FL,8.2
2009,NV,8.2
2015,MA,8.2
2009,DE,8.2
2017,MD,8.2
2017,VA,8.2
2017,ID,8.2
2017,HI,8.2
2017,NH,8.2
2017,VT,8.2
2017,NC,8.2
2015,CT,8.2
2009,HI,8.2
2011,UT,8.3
2009,DE,8.3
2011,KY,8.3
2011,GA,8.3
2007,DE,8.3
2009,RI,8.3
2011,NY,8.3
2017,ID,8.3
2017,CT,8.3
2017,IL,8.3
2001,UT,8.3
2009,TN,8.3
2015,SD,8.3
2013,NV,8.3
2003,ME,8.4
2013,MD,8.4
2013,FL,8.4
2013,TN,8.4
2011,NY,8.4
2011,NC,8.4
2011,KY,8.4
2015,AK,8.4
2003,GA,8.4
2009,KY,8.4
2015,CA,8.4
2015,IL,8.4
2013,WV,8.4
2009,DE,8.4
2009,MS,8.4
2017,FL,8.4
2017,GU,8.4
2017,IA,8.4
2009,SC,8.4
2009,NV,8.4
2009,HI,8.5
2005,GA,8.5
2009,HI,8.5
2013,SC,8.5
2009,UT,8.5
2007,GA,8.5
2011,HI,8.5
2009,NV,8.5
2007,DE,8.5
2009,HI,8.5
2017,TN,8.5
2005,ME,8.6
2009,NV,8.6
2009,NV,8.6
2015,VA,8.6
2005,WY,8.6
2013,DE,8.6
2009,NC,8.6
2015,IN,8.6
2009,MS,8.6
2015,HI,8.6
2009,LA,8.6
2015,MA,8.6
2011,RI,8.6
2017,MD,8.6
2017,VT,8.6
2013,MS,8.6
2005,NY,8.7
2011,GA,8.7
2003,ME,8.7
2013,NV,8.7
2015,NH,8.7
2013,KS,8.7
2015,ID,8.7
2015,NY,8.7
2009,AR,8.7
2013,DE,8.7
2015,MD,8.7
2009,MA,8.7
2009,DE,8.7
2017,ME,8.7
2017,NH,8.7
2017,ME,8.7
2017,MO,8.7
2017,PA,8.7
2017,MA,8.7
2007,SC,8.8
2007,MA,8.8
2011,GA,8.8
2015,NY,8.8
2009,FL,8.8
2017,NH,8.8
2017,US,8.8
2017,ND,8.8
2009,ME,8.8
2015,HI,8.8
2001,WY,8.9
2015,NV,8.9
2015,DE,8.9
2007,HI,8.9
2005,ND,8.9
2011,VA,8.9
2011,DE,8.9
2007,DC,8.9
2017,NC,8.9
2017,TX,8.9
2001,FL,8.9
2009,GA,8.9
2003,GA,8.9
2009,SC,8.9
2005,MD,9
2007,TN,9
2011,KY,9
2009,ME,9
2011,WV,9
2017,NM,9
2017,HI,9
2017,KS,9
2009,HI,9
2013,AL,9.1
2001,HI,9.1
2009,NY,9.1
2013,NY,9.1
2013,MD,9.1
2009,IL,9.1
2017,IL,9.1
2017,ND,9.1
2017,WI,9.1
2017,VT,9.1
2017,ID,9.1
2015,GU,9.1
2015,FL,9.2
2015,MD,9.2
2011,NM,9.2
2015,DE,9.2
2015,US,9.2
2015,NC,9.2
2015,ME,9.2
2013,FL,9.2
2009,NV,9.2
2011,WV,9.2
2007,SC,9.2
2017,HI,9.2
2017,MO,9.2
2003,ME,9.2
2015,AZ,9.3
2015,MD,9.3
2013,MA,9.3
2011,HI,9.3
2015,AL,9.3
2007,UT,9.3
2003,WY,9.3
2007,RI,9.3
2015,NH,9.3
2009,SC,9.3
2017,NC,9.3
2017,HI,9.3
2017,DE,9.3
2017,MD,9.3
2017,VT,9.3
2013,GU,9.3
2007,DE,9.3
2015,ID,9.3
2011,MS,9.3
2001,NC,9.4
2005,IN,9.4
2003,GA,9.4
2015,SC,9.4
2007,DC,9.4
2007,CT,9.4
2005,WY,9.4
2013,RI,9.4
2009,NJ,9.4
2011,MA,9.4
2017,TX,9.4
2017,TN,9.4
2017,NM,9.4
2003,ND,9.5
2007,DE,9.5
2007,GA,9.5
2009,US,9.5
2015,VA,9.5
2015,SD,9.5
2017,NC,9.5
2017,PA,9.5
2017,SC,9.5
2007,GU,9.5
2013,NY,9.5
2013,WI,9.6
2015,SC,9.6
2013,DE,9.6
2011,RI,9.6
2015,TN,9.6
2005,NY,9.6
2001,UT,9.6
1993,GA,9.6
2015,SC,9.6
2013,NE,9.6
2015,IN,9.6
2005,MO,9.6
2009,CT,9.6
2011,KY,9.6
2017,HI,9.6
2017,AK,9.6
2013,LA,9.7
2015,ID,9.7
2011,KY,9.7
2001,NC,9.7
2015,US,9.7
2003,MA,9.7
2015,HI,9.7
2015,DE,9.7
2001,ME,9.7
2013,HI,9.7
2003,WY,9.7
2015,VT,9.7
2013,VA,9.7
2017,HI,9.7
2015,ND,9.8
2013,OH,9.8
2015,VT,9.8
2005,PR,9.8
2011,HI,9.8
2015,MI,9.8
2011,HI,9.8
2011,TX,9.8
2013,NV,9.8
2011,LA,9.8
2013,WY,9.8
2005,GA,9.8
2017,ID,9.8
2017,CT,9.8
2017,US,9.8
2009,KY,9.8
2015,NM,9.8
2001,ND,9.9
2007,UT,9.9
2005,PR,9.9
2007,HI,9.9
2007,US,9.9
2005,US,9.9
2009,DE,9.9
2001,WY,9.9
2015,FL,9.9
2001,ME,9.9
2007,HI,9.9
2015,NY,9.9
2009,RI,9.9
2015,DE,9.9
2003,MI,9.9
2015,AZ,9.9
2017,ME,9.9
2017,NH,9.9
2017,IA,9.9
2017,TN,9.9
2017,MO,9.9
2017,IA,9.9
2009,ME,9.9
2011,WV,9.9
2015,TN,10
2001,ND,10
2015,NY,10
1999,HI,10
2013,MD,10
2007,DC,10
2007,HI,10
2017,SC,10
2017,GU,10
2017,PA,10
2015,NM,10
2015,MI,10
2015,TN,10.1
1999,HI,10.1
2007,HI,10.1
2015,SD,10.1
2005,GA,10.1
2011,KY,10.1
2015,NH,10.1
2015,ID,10.1
2011,HI,10.1
2015,IL,10.1
2001,ND,10.1
2015,AZ,10.1
2007,GU,10.1
2003,NY,10.1
2015,NH,10.2
2003,WY,10.2
2011,HI,10.2
2015,AZ,10.2
2003,HI,10.2
2011,FL,10.2
2015,MD,10.2
2015,HI,10.2
2017,MD,10.2
2017,MO,10.2
2017,ME,10.2
2017,SC,10.2
2017,GU,10.2
2017,MI,10.2
2011,GU,10.2
2013,KS,10.2
2009,UT,10.2
2015,CT,10.3
2003,HI,10.3
2013,US,10.3
2011,TN,10.3
2003,MI,10.3
2007,DE,10.3
2009,SC,10.3
2013,MA,10.3
2015,DE,10.3
2017,WV,10.3
2017,AK,10.3
2013,NV,10.3
2011,HI,10.3
2011,VT,10.4
2013,HI,10.4
2013,KS,10.4
2001,WY,10.4
2007,HI,10.4
2015,NM,10.4
2013,WI,10.4
2015,CT,10.4
2013,VA,10.4
2009,MA,10.4
2017,MI,10.4
2015,FL,10.4
2015,IN,10.4
2015,SD,10.5
2015,ME,10.5
2003,GA,10.5
2005,PR,10.5
2011,US,10.5
2009,WV,10.5
2013,NC,10.5
2015,MI,10.5
2005,ND,10.5
2013,FL,10.5
2017,VT,10.5
2017,MI,10.5
2015,GU,10.5
2009,KY,10.5
2013,AK,10.6
2013,NY,10.6
2011,VT,10.6
2015,AZ,10.6
2001,NC,10.6
2001,HI,10.6
2011,CT,10.6
2015,CT,10.6
2013,MI,10.6
2015,KY,10.6
2017,NM,10.6
2017,IL,10.6
2017,MT,10.6
2011,MS,10.7
2013,ND,10.7
2005,PR,10.7
2003,GA,10.7
2015,NM,10.7
2007,NC,10.7
2005,HI,10.7
2013,MA,10.7
2001,WY,10.7
2013,HI,10.7
2003,WY,10.7
2015,NC,10.8
1993,SC,10.8
2011,AR,10.8
2013,NE,10.8
2013,SC,10.8
2015,US,10.8
2015,NH,10.8
2015,ME,10.8
2013,FL,10.8
2015,VT,10.8
2011,AK,10.8
2007,TX,10.8
2017,OK,10.8
2015,MD,10.8
2005,NV,10.8
2011,MS,10.9
2007,NC,10.9
2013,NV,10.9
2013,NE,10.9
2015,PA,10.9
2007,WY,10.9
2009,MS,10.9
2015,NC,10.9
2011,DE,10.9
2007,NC,10.9
2017,NM,10.9
2017,AK,10.9
1999,UT,10.9
2013,NE,10.9
2015,PA,11
2015,VA,11
2011,MS,11
2013,ME,11
2001,NC,11
2007,MS,11
2007,OK,11
2009,NC,11
2013,NE,11
2005,DE,11
2013,MD,11
2009,MI,11
2015,MO,11
2013,FL,11
2009,MI,11
2009,KY,11
2009,WV,11
2017,OK,11
2007,GU,11
2009,WI,11
2003,WY,11.1
2015,DE,11.1
2009,TX,11.1
2001,HI,11.1
2013,VA,11.1
2003,MS,11.1
2011,MI,11.1
2015,AK,11.1
2017,US,11.1
2017,IA,11.1
2017,AK,11.1
2005,PR,11.2
2005,CT,11.2
2015,IN,11.2
2013,NC,11.2
2003,NY,11.2
2007,NV,11.2
2013,VA,11.2
2007,WY,11.2
2015,ME,11.2
2017,IA,11.2
2007,SC,11.2
2015,SC,11.3
2005,OK,11.3
2009,WV,11.3
2011,TX,11.3
2013,MO,11.3
2009,NM,11.3
2009,AL,11.3
2015,OK,11.3
2017,VT,11.3
2017,ND,11.3
2017,ME,11.3
2009,IN,11.3
2007,FL,11.4
2007,WV,11.4
2007,AZ,11.4
2013,CT,11.4
2011,RI,11.4
2015,IL,11.4
2013,WI,11.4
2013,ID,11.4
2011,ID,11.4
2015,NM,11.4
2007,DC,11.4
2017,ID,11.4
2005,MA,11.4
2009,NM,11.4
2003,GA,11.5
2013,MA,11.5
2013,NJ,11.5
2005,WY,11.5
2007,ND,11.5
2013,VA,11.5
2009,HI,11.5
2015,VA,11.5
2009,KS,11.5
2015,FL,11.5
2017,TN,11.5
2017,MT,11.5
2015,TN,11.5
2015,ND,11.5
2013,NY,11.5
2011,HI,11.6
2001,AL,11.6
2013,ME,11.6
2013,AZ,11.6
2007,US,11.6
1999,ND,11.6
2009,MD,11.6
2005,AR,11.6
2001,NC,11.6
2003,ND,11.6
2013,VA,11.6
2017,TN,11.6
2015,GU,11.6
2007,NC,11.7
2009,AK,11.7
2003,MS,11.7
2015,IL,11.7
2015,VT,11.7
2015,ND,11.7
1999,UT,11.7
2013,MA,11.7
2015,CA,11.7
2007,WV,11.7
2011,KS,11.7
2015,IN,11.7
2007,NC,11.7
2015,WY,11.7
2013,NY,11.7
2009,HI,11.7
2015,ME,11.7
2017,MI,11.7
2017,AR,11.7
2013,TX,11.7
2013,MI,11.8
1999,UT,11.8
1993,MS,11.8
2015,US,11.8
2013,RI,11.8
2013,WI,11.8
2009,NV,11.8
2013,GA,11.8
2013,KS,11.8
2013,HI,11.8
2011,NY,11.8
2017,LA,11.8
2017,MA,11.8
2013,GU,11.8
2013,GU,11.8
2005,OH,11.8
2013,NC,11.8
2009,VT,11.8
2013,SC,11.9
2013,DE,11.9
2015,MT,11.9
2013,KY,11.9
2015,ND,11.9
2013,KY,11.9
2011,VT,11.9
2007,WV,11.9
2009,MD,11.9
2013,NJ,11.9
2011,ID,11.9
2013,NY,11.9
1999,ND,11.9
1999,UT,11.9
2013,MD,11.9
2003,IN,11.9
2009,TX,11.9
2017,OK,11.9
2017,NM,11.9
2011,GU,11.9
2007,GU,11.9
2005,TN,11.9
1995,NV,11.9
2011,ME,11.9
2013,ME,11.9
2015,NE,12
2007,WV,12
2015,MO,12
2009,AK,12
2009,MD,12
2017,MI,12
2015,GU,12
2013,ID,12
2015,IN,12.1
2007,OH,12.1
2009,WV,12.1
2015,MI,12.1
2013,CT,12.1
2013,AK,12.1
2007,DC,12.1
2017,NC,12.1
2017,NC,12.1
2017,MT,12.1
2017,GU,12.1
2011,NC,12.1
2001,MI,12.1
2013,MA,12.1
2013,LA,12.1
2013,AR,12.1
2015,NE,12.2
2015,US,12.2
2011,MD,12.2
2009,ME,12.2
2011,MD,12.2
2007,DC,12.2
2013,NM,12.2
2013,ID,12.2
2003,NV,12.2
2005,AZ,12.2
2009,MS,12.2
2013,FL,12.2
2015,VT,12.3
2013,ME,12.3
2015,CT,12.3
2011,SC,12.3
2001,ME,12.3
1999,HI,12.3
2015,ID,12.3
2011,HI,12.3
2013,NM,12.3
2015,NM,12.3
2017,LA,12.3
2017,ND,12.3
2017,WI,12.3
2017,MT,12.3
2005,NY,12.3
2011,MD,12.3
2003,ME,12.3
2013,IL,12.4
2015,FL,12.4
2003,AK,12.4
2015,US,12.4
2011,MA,12.4
2011,NC,12.4
2005,SC,12.4
2015,CT,12.4
2013,HI,12.4
2017,KY,12.4
2017,LA,12.4
2009,PA,12.5
2015,MI,12.5
2013,IL,12.5
2013,AK,12.5
2017,OK,12.5
2017,OK,12.5
2017,NM,12.5
2007,NC,12.5
2011,NY,12.5
2011,MD,12.5
2015,AR,12.5
2009,AL,12.5
2015,TN,12.5
2001,NC,12.6
2011,WI,12.6
1999,HI,12.6
2001,MS,12.6
2011,FL,12.6
2013,MI,12.6
2017,ND,12.6
2001,AL,12.6
2001,DE,12.7
2013,KS,12.7
2011,DE,12.7
2013,DE,12.7
2003,NV,12.7
2011,MD,12.7
2005,NJ,12.7
2011,HI,12.7
2009,WY,12.7
2015,IL,12.7
2009,SC,12.7
2009,NY,12.7
2015,NM,12.8
2015,SC,12.8
2013,GA,12.8
2011,VT,12.8
2013,SD,12.8
2013,MT,12.8
2013,ID,12.8
2007,NV,12.8
2015,MT,12.8
2015,HI,12.8
2011,NY,12.8
2013,WY,12.8
2013,ME,12.8
1995,IL,12.8
2007,HI,12.8
2009,DE,12.9
2003,ID,12.9
2007,MD,12.9
2015,PA,12.9
2005,US,12.9
2013,GA,12.9
2013,NJ,12.9
2007,NY,12.9
2015,OK,12.9
2001,NC,12.9
2015,MS,12.9
2011,ME,12.9
2017,ND,12.9
2011,GU,12.9
2009,WY,13
2015,VT,13
2011,RI,13
2003,US,13
2015,MT,13
2013,MI,13
2015,ND,13
2011,KS,13
2013,NV,13
2017,GU,13
2015,ME,13
2009,OK,13
2015,OK,13.1
2007,MA,13.1
2011,WI,13.1
2001,RI,13.1
2015,MT,13.1
2017,OK,13.1
2013,NH,13.1
2005,UT,13.1
2015,NC,13.1
2011,NY,13.2
2013,MI,13.2
2015,MT,13.2
2009,RI,13.2
2013,MD,13.2
2013,NH,13.2
2017,GU,13.2
2013,MO,13.2
2009,RI,13.3
2015,AK,13.3
2015,MO,13.3
2005,WI,13.3
2011,RI,13.3
2013,NC,13.3
2007,ME,13.3
2011,AK,13.3
2009,RI,13.3
2015,NE,13.3
2005,ID,13.3
2011,VT,13.3
2017,MT,13.3
2017,NH,13.3
2015,AR,13.4
1999,HI,13.4
2015,OK,13.4
2015,OK,13.4
1999,ND,13.4
2007,ME,13.4
2013,ND,13.4
2013,NJ,13.4
2013,OH,13.4
2015,AL,13.4
2013,CT,13.5
2011,NE,13.5
2015,WY,13.5
2007,WI,13.5
2013,KS,13.5
2003,WY,13.5
2017,SC,13.5
2011,AK,13.5
2011,WI,13.5
2001,RI,13.5
2011,NY,13.6
2001,TX,13.6
2001,NJ,13.6
2005,ME,13.6
2007,NV,13.6
2003,ID,13.6
2011,OK,13.7
2013,TX,13.7
2013,GA,13.7
1993,NV,13.7
2003,MS,13.7
2011,ND,13.7
2013,WI,13.7
2017,AR,13.7
2015,MO,13.7
2009,NY,13.7
2009,NJ,13.7
2011,MS,13.8
2013,MD,13.8
2009,MD,13.8
2013,NH,13.8
2013,FL,13.8
2009,ID,13.8
2007,NY,13.8
2017,OK,13.8
2015,GU,13.8
2007,RI,13.8
2009,MA,13.9
2011,NY,13.9
2003,RI,13.9
2017,NC,13.9
2011,GU,13.9
2007,GU,13.9
2013,AR,13.9
2009,AK,13.9
2011,CO,14
2015,AL,14
2013,US,14
2003,ID,14
2005,WY,14
2011,MA,14
2011,MI,14
2009,KS,14
2017,VT,14
2017,KY,14
2007,ME,14
2015,PA,14
2013,IL,14.1
2013,AZ,14.1
2009,ID,14.1
2005,NY,14.1
2007,AR,14.1
2013,AZ,14.1
2013,HI,14.1
2011,TX,14.1
2011,AK,14.1
2015,TN,14.1
2013,TX,14.1
2009,AK,14.2
2003,ID,14.2
2015,US,14.2
2013,US,14.2
2013,ME,14.2
2015,NE,14.2
2013,AL,14.2
2013,DE,14.2
2005,NY,14.2
2013,ID,14.2
2011,MT,14.2
2013,NH,14.2
2011,ID,14.2
2007,GU,14.2
1993,OH,14.2
2005,TX,14.2
2007,MI,14.3
2001,MS,14.3
2011,ID,14.3
2015,MA,14.3
2015,AL,14.3
2013,NJ,14.3
2007,NV,14.3
2011,VT,14.3
2017,WV,14.3
2017,KY,14.3
2017,KY,14.3
2011,FL,14.3
2013,LA,14.4
2011,NM,14.4
2011,VA,14.4
2011,NE,14.4
2003,DE,14.4
2013,MO,14.4
2013,MT,14.4
2011,KY,14.4
2009,HI,14.4
2007,KY,14.4
2009,MA,14.4
2011,KS,14.4
2001,MO,14.4
2005,ME,14.4
2013,NM,14.4
2013,ME,14.4
2017,WV,14.4
2011,CT,14.4
1995,IL,14.5
2013,ND,14.5
2011,GA,14.5
2009,ID,14.5
2009,IL,14.5
2013,TN,14.5
2007,AK,14.5
2009,GA,14.6
2011,WI,14.6
2011,NE,14.6
2011,NY,14.6
2007,HI,14.6
2015,NC,14.6
2007,FL,14.6
2017,NC,14.6
2007,ME,14.7
2011,AZ,14.7
2013,SC,14.7
2001,US,14.7
2005,RI,14.7
2007,NY,14.7
2011,ME,14.7
2011,IA,14.7
2011,CO,14.7
2011,AK,14.7
2011,NC,14.7
2009,NY,14.8
1993,IL,14.8
1997,RI,14.8
2009,ID,14.8
2011,NJ,14.8
2007,NC,14.8
2005,NY,14.8
1999,HI,14.8
2005,NJ,14.8
2015,NH,14.8
2001,HI,14.8
1999,ND,14.8
2017,AR,14.8
2011,GU,14.8
2011,WI,14.8
2013,ME,14.8
2011,MT,14.8
2013,CT,14.8
2007,DC,14.9
2011,AZ,14.9
2015,NC,14.9
2005,KY,14.9
2009,NC,14.9
2009,NY,14.9
2015,NC,14.9
2011,VT,14.9
2013,MO,14.9
2015,PA,14.9
2011,ME,14.9
2005,CT,15
1997,UT,15
1995,PR,15
1995,UT,15
2013,US,15
2007,MO,15
2011,ME,15
2011,NE,15
2011,VA,15
1997,NY,15
2017,IA,15
2013,NC,15
1997,UT,15
2011,VT,15.1
2003,AL,15.1
2015,MD,15.1
2003,US,15.1
2013,CT,15.1
2007,RI,15.1
2011,AR,15.1
2015,OK,15.1
2013,OH,15.1
2017,KY,15.1
2007,FL,15.2
2015,MS,15.2
1997,PR,15.2
2009,NC,15.2
2001,US,15.2
2011,ME,15.2
2013,MT,15.2
2005,ID,15.2
2009,HI,15.2
2003,MS,15.2
2011,FL,15.3
2013,NM,15.3
2003,AL,15.3
2009,NV,15.3
2007,HI,15.3
2015,NY,15.4
2003,NC,15.4
1993,US,15.4
2013,TN,15.4
2013,AZ,15.4
2013,WI,15.4
2001,TX,15.4
2013,MD,15.4
2015,WY,15.4
2005,GA,15.4
2009,FL,15.4
2005,NV,15.4
2013,NJ,15.4
2017,MD,15.4
2013,GU,15.4
2009,CT,15.5
2011,NE,15.5
2009,AL,15.5
2013,KY,15.5
2011,VA,15.5
2001,WV,15.5
2005,AL,15.5
2011,RI,15.5
2011,WI,15.5
2011,FL,15.5
2011,KS,15.5
2011,NE,15.5
2005,FL,15.5
2015,NH,15.5
2007,IN,15.6
2011,NC,15.6
2015,HI,15.6
2001,MA,15.6
2005,HI,15.6
2013,DE,15.6
2011,MA,15.6
2009,GA,15.6
2015,AK,15.6
2011,KS,15.6
2009,AL,15.6
2011,WI,15.7
2009,AK,15.7
2009,MO,15.7
2013,US,15.7
2009,MD,15.7
2013,NM,15.7
2005,ME,15.7
2007,NY,15.7
2015,AR,15.7
2015,KY,15.7
2015,MS,15.7
2011,TX,15.7
2009,NV,15.7
2011,IL,15.7
1993,UT,15.7
2009,NJ,15.7
2015,KY,15.7
2007,GU,15.7
2001,MS,15.7
2011,CO,15.7
2015,WY,15.7
2009,RI,15.8
2009,AL,15.8
2005,ID,15.8
2007,MD,15.8
1995,ND,15.8
2001,WV,15.8
2003,MS,15.8
2009,FL,15.8
2013,WY,15.8
2011,MT,15.8
2013,IL,15.8
2007,KS,15.9
1993,MA,15.9
2005,RI,15.9
2009,HI,15.9
2007,FL,15.9
2005,CO,15.9
2013,MI,15.9
2011,IL,15.9
2011,SC,15.9
2011,CT,15.9
1993,UT,15.9
2003,NV,15.9
2005,NY,15.9
2013,CT,15.9
2013,OK,15.9
2003,MS,15.9
2011,MA,15.9
2015,GU,15.9
2015,WY,15.9
2013,OH,15.9
2011,FL,15.9
2007,AK,15.9
2013,SC,16
2007,DC,16
2007,NV,16
2007,LA,16
2009,MA,16
2011,IN,16
2013,MT,16
2005,MD,16
2009,WI,16
2007,NY,16.1
2005,MI,16.1
2009,MD,16.1
2001,MS,16.1
2011,NJ,16.1
2013,MO,16.1
2011,DE,16.1
2013,OK,16.1
2011,US,16.1
2001,WY,16.1
2009,FL,16.1
2001,WV,16.1
2011,NM,16.1
2011,MA,16.1
2009,MT,16.1
2013,AR,16.1
2011,MI,16.1
2005,ME,16.2
2009,NY,16.2
2007,DE,16.2
2011,AL,16.2
2011,IL,16.2
2005,NY,16.2
2009,KS,16.2
2011,WV,16.3
2013,SD,16.3
2003,TN,16.3
2015,AL,16.3
2001,MA,16.4
1997,UT,16.4
2013,US,16.4
2005,NY,16.4
2013,NM,16.4
2013,AZ,16.4
2005,HI,16.4
2007,RI,16.4
2017,AR,16.4
2013,NM,16.4
2011,MI,16.5
2011,MT,16.5
2011,ND,16.5
2013,WY,16.5
2013,TN,16.5
2013,SD,16.5
2009,CT,16.5
2005,MD,16.5
2009,ME,16.5
2001,MS,16.5
2011,MD,16.5
2011,ID,16.5
2011,CT,16.5
2013,TX,16.5
2013,SD,16.5
2017,ND,16.5
2017,ND,16.5
2007,GA,16.5
2011,NM,16.5
2007,AR,16.6
2005,CT,16.6
2007,VT,16.6
2005,NV,16.6
2011,GU,16.6
2009,DE,16.6
2013,WV,16.7
2015,PA,16.7
2007,US,16.7
2005,KS,16.7
2015,NE,16.7
2017,GU,16.7
2013,OH,16.7
2009,WI,16.7
2011,VA,16.7
2011,GA,16.8
2001,WV,16.8
2013,MS,16.8
2009,FL,16.8
2007,MD,16.8
2005,NM,16.8
2009,ME,16.8
2009,UT,16.8
2009,LA,16.9
2011,MI,16.9
2009,GA,16.9
2011,CT,16.9
2009,VT,16.9
2015,MS,16.9
2005,FL,16.9
2015,ND,16.9
1999,MO,16.9
2007,MT,16.9
2009,KS,16.9
2007,HI,16.9
2003,RI,16.9
2009,WI,16.9
2015,KY,16.9
1995,UT,16.9
2009,NV,17
2001,WI,17
2011,GA,17
2001,VT,17
2009,NJ,17
2011,CO,17
2005,MI,17
2015,KY,17
2011,CO,17
1995,UT,17
2007,RI,17
2005,HI,17.1
2011,ND,17.1
2003,FL,17.1
2009,MA,17.1
2009,AK,17.1
2001,ID,17.1
2013,VA,17.1
1997,MA,17.1
2017,GU,17.1
2003,MA,17.1
2015,AR,17.1
2009,MS,17.1
2007,FL,17.1
2009,KY,17.2
2003,MO,17.2
2007,NH,17.2
2013,IL,17.2
2005,RI,17.2
2005,GA,17.2
2013,MS,17.2
2011,NJ,17.2
1995,UT,17.2
2009,CO,17.2
2005,FL,17.2
2005,MD,17.2
2011,ME,17.2
2011,CT,17.3
2009,ME,17.3
2005,NC,17.3
2011,DE,17.3
2009,AZ,17.3
2005,NC,17.4
2011,AK,17.4
2009,CO,17.4
2009,VT,17.4
2009,HI,17.4
2009,VT,17.4
2005,VT,17.4
2011,FL,17.4
2007,RI,17.4
2005,FL,17.4
2007,SC,17.4
2013,WY,17.4
2001,NJ,17.4
2003,MA,17.4
2011,TX,17.4
2007,MD,17.4
2011,AZ,17.4
1997,UT,17.4
1993,UT,17.4
2009,AL,17.5
2015,NM,17.5
2003,AZ,17.5
2011,US,17.5
2009,ND,17.5
2011,NH,17.5
2013,ND,17.5
2015,MS,17.5
2005,AZ,17.5
2005,MA,17.5
2011,IL,17.5
2017,MT,17.5
2007,MI,17.5
2001,MS,17.5
2009,KS,17.6
1997,PR,17.6
2007,US,17.6
2007,MA,17.6
1997,NY,17.6
2007,LA,17.6
2009,LA,17.6
2009,ID,17.6
2009,VT,17.6
2015,GU,17.6
2005,HI,17.6
2007,MA,17.7
1999,DE,17.7
2009,NC,17.7
2009,WI,17.7
2015,ME,17.7
2007,IA,17.7
2013,MS,17.7
2009,CO,17.7
2009,MT,17.7
2011,NC,17.7
2011,ND,17.7
2017,WV,17.7
2007,VT,17.7
2005,VT,17.8
1995,PR,17.8
2009,AL,17.8
2007,AK,17.8
2005,CT,17.8
2009,CO,17.8
2005,NJ,17.8
2013,TX,17.8
2005,MI,17.8
2007,NH,17.8
2017,VT,17.8
2009,CT,17.8
2007,SC,17.8
2013,KY,17.9
2005,DE,17.9
2007,MA,17.9
2013,OK,17.9
2011,MS,17.9
2005,VT,17.9
2003,NY,17.9
2013,WY,17.9
2003,FL,17.9
2005,VT,18
2005,CO,18
2007,AZ,18
2009,US,18
2005,MT,18
2001,ID,18
2009,MA,18
2013,NC,18
2013,LA,18
2015,KY,18
2013,AL,18
2011,IA,18
2011,ND,18
2007,MI,18
2003,NV,18
2003,FL,18.1
2005,MI,18.1
2013,TN,18.1
2011,IA,18.1
2011,MT,18.1
2011,US,18.1
2011,US,18.1
2005,WY,18.1
2007,SC,18.1
2003,MA,18.1
2009,IL,18.1
2009,KS,18.1
2011,IN,18.1
2007,IL,18.1
2011,IA,18.1
2005,CT,18.1
2017,NY,18.1
2009,ME,18.1
2013,NC,18.1
2007,ND,18.1
2003,NH,18.2
2011,AR,18.2
2011,IA,18.2
2015,AR,18.2
1995,PR,18.2
2015,MD,18.2
2007,VT,18.2
2013,OK,18.2
2011,TX,18.2
2005,ME,18.2
2005,CT,18.2
2011,MI,18.2
2009,SD,18.2
2009,TX,18.2
2009,AZ,18.3
2013,WV,18.3
2005,NV,18.3
2005,ID,18.3
2009,PA,18.3
2009,LA,18.3
2011,DE,18.3
2003,AL,18.3
2015,ME,18.3
1999,MS,18.4
2009,PA,18.4
2013,ND,18.4
2003,US,18.4
2007,MI,18.4
2007,MS,18.4
2009,MI,18.4
1995,NE,18.4
2015,WV,18.4
2003,FL,18.4
2003,AK,18.4
2007,MD,18.5
2011,IN,18.5
2009,TN,18.5
2013,OK,18.5
2013,GA,18.5
1997,ME,18.5
2007,MT,18.6
2013,US,18.6
2009,NV,18.6
1993,WI,18.6
2007,GA,18.6
1995,NC,18.6
2011,OK,18.7
2003,NH,18.7
1997,MI,18.7
2009,PA,18.7
2007,IA,18.7
2007,US,18.7
2011,DE,18.7
1995,MA,18.7
2005,CO,18.7
2009,MT,18.7
2009,OK,18.7
2009,DE,18.7
2001,ID,18.7
2017,US,18.7
2011,LA,18.7
2009,NC,18.7
2003,GA,18.7
2009,AZ,18.7
2009,SC,18.7
2009,MO,18.8
2015,WV,18.8
2005,RI,18.8
1993,TN,18.8
2009,MI,18.8
2015,WV,18.8
2013,SC,18.8
1997,ME,18.8
2009,IL,18.9
1993,NC,18.9
2003,AL,18.9
1995,PR,18.9
2011,NJ,18.9
2011,NH,18.9
2005,GA,18.9
2005,VT,18.9
2013,KY,18.9
2007,LA,18.9
2009,MO,18.9
2003,ME,18.9
2007,IA,18.9
2009,DE,19
2011,OH,19
2005,CO,19
2007,NH,19
1995,SC,19
2009,DE,19
2013,ND,19
2011,AL,19
2011,TN,19
2009,CT,19
1993,UT,19
2011,AZ,19
2011,NC,19
2005,NJ,19
2013,GU,19
2005,NH,19
2007,TX,19.1
2009,ME,19.1
2011,WV,19.1
2009,MO,19.1
2009,US,19.1
1995,US,19.1
2011,IL,19.1
2011,SC,19.1
2013,OK,19.1
2003,NH,19.1
2001,MI,19.1
2009,MI,19.1
2011,GA,19.1
2013,AR,19.1
2009,DE,19.1
2007,DE,19.1
2001,ID,19.1
2007,NC,19.2
1995,NC,19.2
2003,AK,19.2
2001,NC,19.2
2007,MS,19.2
2011,MT,19.2
2007,IL,19.2
1999,NY,19.2
2005,MT,19.2
1997,LA,19.2
2015,WV,19.2
2001,AL,19.2
2007,ID,19.2
2015,GU,19.2
2011,WV,19.3
2013,DE,19.3
2011,ME,19.3
2005,CO,19.3
2003,RI,19.3
2007,MA,19.3
1997,MA,19.3
2017,MT,19.3
2005,MA,19.3
2007,TX,19.3
2007,WY,19.3
2009,ME,19.4
2011,ND,19.4
2007,MS,19.4
2009,AZ,19.4
2009,MO,19.4
2007,ND,19.4
2003,AL,19.4
2005,HI,19.4
2001,AL,19.5
2007,CT,19.5
2009,GA,19.5
2015,AR,19.5
2009,US,19.5
1999,HI,19.5
2011,TX,19.5
2005,HI,19.5
2013,ND,19.5
2011,VT,19.5
2003,NY,19.5
2005,FL,19.6
2005,ND,19.6
1997,PR,19.6
2011,NJ,19.6
2011,SD,19.6
1997,OH,19.6
2003,MA,19.6
2013,WV,19.6
2009,AR,19.6
2001,AL,19.6
2013,ME,19.6
2003,NV,19.6
2009,MS,19.6
2007,OH,19.6
2009,AZ,19.7
1993,IL,19.7
1999,US,19.7
1995,ND,19.7
2001,WY,19.7
2007,VT,19.7
2005,DE,19.7
2011,GU,19.7
2013,GU,19.7
2007,AK,19.7
2009,NJ,19.7
2007,ID,19.8
2013,SC,19.8
2005,NV,19.8
2009,US,19.8
2009,US,19.8
2009,MT,19.8
2005,NJ,19.8
2003,NH,19.8
2011,NH,19.8
2011,IN,19.8
2009,ND,19.8
1999,MI,19.8
2001,MA,19.8
2017,MD,19.8
2005,CT,19.9
2005,AZ,19.9
2011,US,19.9
2011,IN,19.9
2009,NH,19.9
2009,MI,19.9
2011,NM,19.9
2001,FL,19.9
2007,ID,19.9
2007,IN,19.9
2007,IL,19.9
2009,NJ,20
2007,US,20
2009,NH,20
2013,AK,20
2003,MI,20
2009,WY,20
2007,ID,20
2003,AZ,20
2011,AZ,20
2007,MT,20
2007,WY,20
2005,MA,20.1
2005,NH,20.1
2007,KS,20.1
1999,AL,20.1
2005,KS,20.1
2005,MT,20.1
2015,VT,20.1
2017,LA,20.1
2003,AK,20.2
2013,WV,20.2
2007,DE,20.2
2003,NY,20.2
2007,NC,20.2
1995,MA,20.2
2007,IA,20.2
2003,ME,20.2
2015,MT,20.2
2013,GU,20.2
2015,OK,20.3
2011,US,20.3
2007,GA,20.3
2007,SD,20.3
2015,MT,20.3
2009,CT,20.3
2009,AR,20.3
2013,KY,20.3
2013,OK,20.3
2007,WI,20.3
2009,VT,20.3
2003,VT,20.4
2005,ID,20.4
2007,DE,20.4
2003,US,20.4
2005,IA,20.4
2007,GU,20.4
2015,NY,20.4
2013,MT,20.5
2003,ME,20.5
2003,MT,20.5
2005,AL,20.5
2015,AZ,20.5
1993,US,20.5
2007,WI,20.5
2005,NY,20.5
2009,AR,20.5
2011,NC,20.5
2005,MA,20.5
1999,MA,20.5
2005,MO,20.5
2005,NH,20.5
2009,SC,20.5
2011,GU,20.5
2011,NM,20.5
2011,ND,20.5
2005,IN,20.5
2007,NH,20.6
2003,DE,20.6
2005,MA,20.6
1995,NE,20.6
2011,TX,20.6
1995,AL,20.6
2009,FL,20.6
2007,KS,20.6
2007,AR,20.6
2007,MI,20.6
2009,NC,20.6
2007,KS,20.6
2005,NJ,20.6
2009,TN,20.6
2007,GA,20.7
2001,ID,20.7
2007,AR,20.7
2003,NY,20.7
2005,MI,20.7
2007,DE,20.7
2007,WI,20.7
2009,WY,20.7
2009,IL,20.7
2005,MA,20.7
2003,DE,20.8
2009,AR,20.8
2009,NH,20.8
2009,NY,20.8
2003,OH,20.8
2009,AL,20.8
2007,WY,20.8
2003,MA,20.9
2005,NE,20.9
2007,AR,20.9
2009,VT,20.9
2003,GA,20.9
2011,WY,20.9
2009,TN,20.9
2005,MT,20.9
1995,MS,21
2007,OK,21
2005,KS,21
2013,WV,21
1995,MA,21
2017,ME,21
2005,IA,21
2007,KS,21
2005,RI,21
2013,MD,21.1
2007,CT,21.1
2011,AR,21.1
2011,NC,21.1
1997,US,21.1
2005,AZ,21.1
2009,NV,21.1
2005,MA,21.1
2007,ND,21.1
2011,OH,21.1
1997,ME,21.1
2007,TX,21.1
2011,IL,21.1
2009,TX,21.2
2009,WV,21.2
2007,KS,21.2
2009,CO,21.2
2007,WI,21.2
2001,VT,21.2
2013,WI,21.2
2015,GU,21.2
1995,AR,21.2
2005,DE,21.2
2007,US,21.3
2007,AZ,21.3
2005,MO,21.3
2011,WY,21.3
1993,MA,21.3
2009,NC,21.3
2003,AL,21.3
2007,MT,21.3
2009,HI,21.3
2011,KY,21.4
2005,NV,21.4
2005,AZ,21.4
2003,NV,21.4
1999,MA,21.4
2003,MI,21.4
2005,MD,21.4
2009,IL,21.4
2007,FL,21.4
2009,FL,21.4
2011,OK,21.4
2005,WY,21.5
2013,AL,21.5
2003,RI,21.5
2007,NC,21.5
2009,ND,21.5
2005,WY,21.5
2007,WY,21.5
2011,KS,21.5
2001,FL,21.5
2009,WV,21.6
2009,NH,21.6
2005,AZ,21.6
2005,NE,21.6
2003,ME,21.6
2009,WI,21.6
2007,OH,21.6
2005,ND,21.6
2013,AR,21.6
2011,TN,21.6
2013,MO,21.6
2005,KS,21.7
2003,VT,21.7
2003,OK,21.7
2005,WI,21.7
2009,PA,21.7
2005,KS,21.8
2009,WV,21.8
2003,US,21.8
2007,IL,21.8
2009,AZ,21.8
2011,WV,21.8
2001,FL,21.8
2005,NE,21.8
2005,NE,21.8
2003,RI,21.8
2003,MT,21.8
2011,LA,21.8
2003,DE,21.8
2003,US,21.9
2003,US,21.9
1997,MO,21.9
2005,IN,21.9
2011,GU,21.9
2011,SD,22
2005,US,22
2011,WY,22
2005,TX,22
2005,MO,22
2005,FL,22
2005,HI,22.1
2009,WY,22.1
2011,NH,22.1
2007,SC,22.1
2005,ND,22.1
2003,VT,22.1
2013,AL,22.1
2007,OH,22.1
2015,WY,22.1
2005,OH,22.2
2003,OH,22.2
2009,SC,22.2
2011,MS,22.2
2007,NY,22.2
2005,NM,22.2
2007,AZ,22.2
2007,NY,22.2
2005,IA,22.2
2009,WV,22.2
2011,AR,22.2
2007,NC,22.2
2011,VA,22.2
2013,AR,22.2
1997,MS,22.2
2009,MS,22.3
2011,SC,22.3
2001,MS,22.4
2005,GA,22.4
2007,NM,22.4
2009,ND,22.4
2015,MS,22.4
2003,MA,22.4
2007,CT,22.4
2005,WY,22.4
2001,AR,22.4
2007,NC,22.5
2003,NE,22.5
2009,US,22.5
2007,IN,22.5
2009,TX,22.5
2003,MS,22.5
1993,HI,22.5
2005,WY,22.5
2009,ND,22.5
2005,NH,22.5
2005,ND,22.5
2007,NC,22.5
2003,MA,22.5
2009,OK,22.5
2011,ME,22.6
2003,MI,22.6
2007,CT,22.6
2009,IN,22.6
2013,MD,22.6
2009,OK,22.6
2003,AZ,22.6
2009,OK,22.6
2009,SD,22.6
2007,AR,22.7
2001,AL,22.7
1997,US,22.7
2005,SC,22.7
2003,NV,22.7
2013,WY,22.7
2005,WY,22.7
2007,ND,22.7
2003,FL,22.7
2011,OK,22.7
2007,CT,22.7
2011,ME,22.7
2007,ND,22.7
1999,SC,22.8
2017,AK,22.8
1995,NC,22.8
2005,DE,22.8
2003,MO,22.8
2011,WY,22.8
2005,WI,22.8
2005,NJ,22.9
1999,US,22.9
2005,US,22.9
2011,OH,22.9
2007,AZ,22.9
2001,FL,22.9
2003,WI,22.9
2003,MT,22.9
2011,AL,22.9
2013,NH,22.9
2005,AZ,22.9
2001,AL,23
2007,TX,23
2005,NC,23
2005,US,23
2005,US,23
1999,MA,23
1995,NE,23
2009,KS,23
2001,ME,23
2009,TN,23.1
2007,IN,23.1
1995,PR,23.1
2003,US,23.1
2005,TX,23.1
2011,SD,23.1
2003,OH,23.1
2013,MT,23.1
2009,KY,23.1
2005,WI,23.1
2007,GU,23.1
2009,NM,23.1
2003,GA,23.2
2011,NM,23.2
1995,ND,23.2
2009,ND,23.2
2009,NM,23.2
2009,SD,23.2
2005,IN,23.2
2007,US,23.2
2009,DE,23.2
2001,VT,23.2
2007,MO,23.2
2009,IN,23.2
1999,AR,23.2
2009,HI,23.2
2011,GU,23.2
2001,GU,23.2
2007,OK,23.2
2007,MT,23.2
2009,NY,23.3
2007,AZ,23.3
2005,MO,23.3
2003,NC,23.3
2003,AZ,23.3
2005,AR,23.3
2003,NC,23.3
2009,WY,23.4
2007,NM,23.4
2001,DE,23.4
1999,NY,23.4
2005,IN,23.4
2011,DE,23.4
2005,SC,23.5
2003,DE,23.5
2009,IN,23.5
2009,NM,23.5
2013,NY,23.5
2003,OH,23.5
1999,HI,23.5
2011,OH,23.6
2007,ID,23.6
2001,MS,23.6
2005,DE,23.6
2003,WI,23.6
2001,AL,23.7
2011,SC,23.7
2007,OH,23.7
2001,VT,23.7
2013,GU,23.7
1993,MS,23.7
2007,NM,23.7
2003,MI,23.7
2009,OK,23.8
2003,VT,23.8
2005,NM,23.8
2009,GA,23.8
2007,TN,23.8
2007,MO,23.8
2003,MT,23.9
2003,AZ,23.9
2009,ME,23.9
2009,SD,23.9
2009,TX,23.9
2011,GU,23.9
1995,MO,23.9
1997,ME,23.9
2009,AR,23.9
2005,WI,24
2007,OK,24
2003,ID,24
1993,GA,24
2005,IA,24
2001,MI,24
2009,AL,24
2009,TX,24
2011,TN,24
2009,NM,24
2007,IN,24
1999,AL,24
2013,WY,24
2005,NM,24.1
2001,RI,24.1
1997,PR,24.1
2005,US,24.1
2011,KY,24.1
1997,AL,24.1
2007,IL,24.1
2003,NE,24.1
2009,IL,24.2
2005,TX,24.2
1999,HI,24.2
2007,WI,24.2
2003,NE,24.2
2001,DE,24.2
2003,WI,24.2
2003,AL,24.2
2007,NM,24.2
2005,SC,24.2
2001,NC,24.3
2011,SD,24.3
2009,IN,24.3
1993,GA,24.3
2007,MO,24.3
2013,GU,24.3
2003,OK,24.3
2003,NC,24.3
2005,AL,24.4
2011,US,24.4
2005,OH,24.4
2011,GA,24.4
2003,WI,24.4
2003,NY,24.5
2007,VT,24.5
2003,AZ,24.5
2015,VT,24.5
1995,GU,24.5
2007,IN,24.6
2001,MS,24.6
1997,MA,24.6
2013,US,24.6
2007,SD,24.6
2001,NV,24.6
2009,NM,24.6
2001,DE,24.7
2015,AK,24.7
2003,AL,24.7
1995,US,24.7
2007,SD,24.7
2007,SD,24.7
2001,AL,24.7
2011,OK,24.7
2007,HI,24.7
2011,LA,24.7
1993,GA,24.7
2011,IN,24.8
2003,MO,24.8
1999,AL,24.8
1997,PR,24.8
2009,US,24.8
2005,WV,24.8
1997,NY,24.8
2001,ME,24.8
1993,UT,24.8
1993,NV,24.8
2011,TN,24.8
2003,OK,24.8
2003,NC,24.8
2007,LA,24.8
2001,RI,24.8
2003,MI,24.8
2003,WY,24.9
2003,US,24.9
2005,NC,24.9
2013,OH,24.9
2007,NM,24.9
2007,OK,24.9
2001,TX,24.9
2005,WV,25
2011,MS,25
2005,NE,25
1993,NV,25
2007,GA,25
2005,TN,25
2003,MS,25
2001,MA,25
2009,OK,25.1
2001,ME,25.1
2009,AL,25.1
2003,DE,25.1
2011,KY,25.1
2003,NE,25.1
2009,AK,25.2
1993,SC,25.2
2005,SD,25.2
2001,NV,25.2
2007,MO,25.2
2009,IN,25.3
2009,WY,25.3
2003,AL,25.3
2005,ND,25.3
2005,WV,25.3
2009,SC,25.4
1997,MS,25.4
2001,NV,25.4
2001,MT,25.4
1993,MA,25.4
2007,GU,25.4
2007,TN,25.5
2007,OK,25.5
2009,TN,25.5
1993,ID,25.5
2003,WV,25.6
2015,KY,25.6
2005,WV,25.6
2003,IN,25.6
2003,SD,25.6
2003,IN,25.6
2001,RI,25.6
2009,OK,25.7
2001,MT,25.7
2003,IN,25.7
1999,AL,25.7
2001,MI,25.7
2005,NM,25.7
2001,NV,25.8
2007,KY,25.8
2009,LA,25.8
2003,WY,25.8
2003,NE,25.8
2011,TN,25.9
2005,US,25.9
2003,NY,25.9
2005,AR,25.9
2005,OK,25.9
1993,ID,25.9
2001,VT,26
2007,KY,26
2001,MA,26
2003,MO,26
2013,MS,26
2003,WY,26
2005,KY,26
2009,KY,26.1
2005,SD,26.1
1995,AL,26.1
2007,KY,26.2
2009,MI,26.2
1997,PR,26.2
1999,VT,26.2
1995,NC,26.2
2005,KY,26.2
2005,TX,26.3
2005,TN,26.3
2003,NC,26.3
2011,ME,26.3
2001,NV,26.4
2011,AL,26.4
2005,NC,26.4
2005,KY,26.4
2003,WY,26.4
2005,NM,26.4
2011,GU,26.4
1993,IL,26.4
2005,DE,26.5
1999,AL,26.5
2003,OK,26.5
2011,AL,26.5
2007,TX,26.5
2001,NC,26.5
2005,OH,26.5
2001,US,26.6
2001,ME,26.6
2007,DE,26.6
1993,SC,26.7
2007,WV,26.7
2001,FL,26.7
1999,HI,26.7
2007,NC,26.7
2011,KY,26.7
2011,AK,26.8
2005,OH,26.8
2007,MT,26.8
1993,HI,26.8
2013,ME,26.8
2007,MS,26.9
2003,MO,26.9
2011,OK,26.9
2007,KY,27
2007,TN,27
2003,TN,27
2007,VT,27
2007,OK,27
2001,WY,27
2001,MA,27
2003,IN,27.1
2005,NM,27.1
2009,KY,27.1
2003,MS,27.2
2001,NC,27.2
1999,AL,27.2
2001,MI,27.2
2005,OK,27.2
2005,MI,27.3
2001,MI,27.3
1993,ID,27.3
1997,NV,27.4
2005,TN,27.4
2003,NY,27.4
2001,DE,27.4
2001,RI,27.4
1997,HI,27.4
2005,NM,27.4
2005,KY,27.4
2001,WY,27.5
2009,MS,27.6
2003,TN,27.6
1997,HI,27.6
1993,MS,27.6
2007,WV,27.6
1999,NY,27.6
2001,MI,27.6
1993,NV,27.6
2007,NY,27.6
2007,WV,27.7
2001,US,27.7
1995,PR,27.8
2001,NC,27.8
2003,WV,27.9
1999,HI,27.9
1995,HI,28
2001,MA,28
1993,NC,28
1993,SC,28.1
1993,HI,28.2
2009,SD,28.2
2003,DE,28.2
2005,SD,28.2
2005,AR,28.3
2001,MI,28.3
1997,NV,28.3
2001,MA,28.3
2003,TN,28.4
2011,WY,28.4
2001,NC,28.4
2007,WV,28.4
2001,TX,28.4
2005,OK,28.4
1995,GU,28.4
2001,WY,28.4
2003,NC,28.4
1997,SC,28.4
2001,DE,28.4
2003,WV,28.5
2003,GA,28.5
2001,US,28.5
1999,MS,28.5
2009,ME,28.5
2001,MT,28.5
2005,OK,28.6
2003,ND,28.6
1993,IL,28.6
2003,OK,28.6
2001,WI,28.6
1993,US,28.7
2007,GU,28.7
2011,NM,28.7
2007,OH,28.8
2005,AL,28.8
1999,HI,28.8
1995,SC,28.8
2001,WY,28.8
2005,OK,28.8
2001,NJ,28.9
2001,US,28.9
2005,AL,28.9
2005,TX,28.9
2007,MA,28.9
2005,NC,29
1993,OH,29
1993,IL,29.1
2009,KY,29.1
1993,MA,29.2
2001,US,29.2
1997,HI,29.2
2005,NE,29.2
1997,AR,29.2
2007,OK,29.3
1999,HI,29.3
1993,NC,29.3
2007,MI,29.3
2003,SD,29.3
1993,ID,29.3
2003,ND,29.3
2001,NJ,29.4
2013,ND,29.4
1997,NV,29.4
1993,MT,29.4
1999,DE,29.5
2001,SD,29.5
1999,NY,29.5
1997,CT,29.5
2001,WY,29.6
2003,AL,29.6
2013,TN,29.7
2005,OK,29.7
1993,OH,29.7
2001,NJ,29.7
1993,US,29.8
2005,AR,29.8
1993,IL,29.8
1993,HI,29.9
1999,MA,29.9
1993,NV,29.9
1993,MT,29.9
2001,AL,30
2009,NM,30
2009,VT,30
2003,SD,30
1999,MO,30.1
1993,HI,30.1
2005,SD,30.1
2001,MO,30.1
2001,WI,30.2
1995,NV,30.2
1995,HI,30.2
1997,NV,30.2
1995,NC,30.2
1993,MA,30.2
2003,ND,30.2
1999,OH,30.3
2001,MO,30.3
1997,NV,30.3
1999,MA,30.3
1995,MS,30.4
1993,OH,30.4
2001,MO,30.4
2005,SC,30.4
1993,NC,30.4
2001,US,30.5
1993,US,30.5
2001,ND,30.5
2003,SD,30.6
2007,WY,30.6
2003,WY,30.6
2001,TX,30.6
2007,TN,30.6
2007,TN,30.6
1999,MA,30.7
1993,MT,30.7
2015,WY,30.7
1993,WI,30.7
2011,VT,30.7
1997,HI,30.7
2011,LA,30.8
2005,VT,30.8
2003,TN,30.8
2003,OK,30.8
2001,TX,30.8
2005,VT,30.9
1995,AL,31
2003,ND,31
2005,NM,31.1
1993,MA,31.1
1999,DE,31.1
1993,US,31.2
2011,US,31.2
2001,VT,31.2
2013,MT,31.2
2007,GU,31.2
1997,MS,31.3
1995,NC,31.3
2003,WV,31.4
2005,TN,31.4
2005,US,31.5
1993,MT,31.5
1999,MS,31.5
2009,NY,31.5
2001,SD,31.6
1993,MS,31.6
2007,MI,31.6
1997,WI,31.7
2005,WY,31.7
1995,HI,31.7
2001,NJ,31.7
1993,WI,31.8
1999,NY,31.8
2001,MT,31.8
2001,TX,31.8
2003,MI,31.8
2003,KY,31.8
2001,NC,31.9
2001,US,31.9
1995,NH,32
1997,OH,32
2007,KY,32.1
2011,WY,32.1
2013,NY,32.1
2009,ME,32.1
1999,NV,32.1
2001,AR,32.1
2005,MT,32.1
1993,NE,32.1
2007,NM,32.1
1993,WI,32.2
1997,AL,32.2
1999,DE,32.2
1995,GU,32.2
1993,MA,32.3
1999,HI,32.3
1993,NV,32.3
2005,AZ,32.4
1999,NV,32.4
2005,VT,32.4
1995,HI,32.4
1993,NV,32.5
1995,NC,32.5
1999,MT,32.5
1999,NV,32.5
1999,NV,32.6
2001,WI,32.6
2001,MO,32.6
1995,GU,32.6
2005,VT,32.6
1995,SC,32.6
1999,US,32.7
1999,VT,32.7
1997,NY,32.7
2003,KY,32.7
1993,TN,32.7
1999,MO,32.8
1993,VT,32.8
1993,OH,32.8
1997,NY,32.9
1993,WI,32.9
1999,MA,32.9
1995,NV,32.9
1993,GA,33
1999,AL,33
1995,HI,33
1997,MA,33
2001,SD,33.1
1997,NY,33.1
1999,SC,33.2
1999,VT,33.3
1997,LA,33.3
1993,NE,33.3
1999,MI,33.3
1993,NC,33.4
1999,DE,33.4
2003,KY,33.4
1999,VT,33.4
1993,VT,33.5
2001,NJ,33.5
2001,WI,33.5
1995,UT,33.6
2009,MT,33.6
1999,VT,33.6
1993,US,33.7
1993,IL,33.7
2001,WY,33.7
1993,NE,33.7
2007,AK,33.8
1995,IL,33.8
1995,MT,33.8
1999,WY,33.8
2001,MS,33.8
2001,ND,33.8
1995,MT,33.9
1993,SD,33.9
1997,CT,34
2011,OK,34
2003,WV,34
1997,US,34
1995,US,34
1999,MI,34.1
1999,NY,34.1
1995,AR,34.2
1999,SC,34.2
2003,KY,34.2
2003,MS,34.2
2007,VT,34.3
1995,US,34.3
1993,VT,34.3
1995,AK,34.4
1995,NV,34.4
1999,US,34.4
1999,MS,34.4
2001,SD,34.4
2009,WY,34.4
1997,MA,34.4
1995,NV,34.5
1997,OH,34.5
1999,MT,34.6
1999,WY,34.6
1997,LA,34.6
1997,US,34.7
1999,US,34.7
2001,ND,34.7
2001,AR,34.7
1999,US,34.8
1995,US,34.8
2003,AZ,34.8
1995,MT,34.8
1999,US,34.9
1999,MI,34.9
1997,HI,35
1995,MS,35
2001,GU,35
1999,MT,35
1993,NH,35.1
1993,NH,35.2
1999,WY,35.2
1995,MA,35.2
1997,CT,35.2
1993,NE,35.2
1995,SD,35.3
1993,TN,35.3
2001,ND,35.3
1997,RI,35.3
1997,RI,35.4
1995,US,35.4
1997,RI,35.4
1997,IA,35.4
1999,MT,35.4
2001,ND,35.5
1995,NH,35.5
1993,NH,35.6
1999,MO,35.6
1995,IL,35.6
1995,IL,35.7
1995,MT,35.7
1995,MA,35.7
1997,MT,35.7
1995,IL,35.8
1993,US,35.8
1995,NV,35.8
1997,MA,35.8
1997,AL,35.8
2003,VT,35.8
1999,WY,35.9
1995,AL,35.9
1995,AL,35.9
1993,SD,35.9
2001,VT,36
1999,NY,36
1997,WI,36
1999,SC,36
1995,NH,36
1993,NH,36.1
1993,NE,36.2
1995,MA,36.2
1999,NV,36.3
1999,MI,36.3
1995,SC,36.3
1995,AK,36.4
1997,US,36.4
1997,WY,36.4
1997,LA,36.4
1995,AK,36.5
2001,TX,36.5
1997,SC,36.5
1997,CT,36.5
1995,AK,36.5
1999,AL,36.6
1999,MA,36.6
1993,ID,36.6
1993,SD,36.7
2001,WI,36.7
1997,WY,36.7
1997,WI,36.8
1997,CT,36.8
2005,NC,36.8
1997,OH,36.9
1995,SD,37
2007,US,37
1995,ME,37
2001,AR,37
2009,US,37.1
2001,GU,37.1
1995,AR,37.2
1993,SC,37.3
1997,MT,37.3
1997,WY,37.4
1993,TN,37.4
1997,IA,37.5
1997,IA,37.5
1995,NC,37.5
1995,ME,37.6
1997,MS,37.6
1997,US,37.7
1999,SC,37.7
1997,ME,37.7
1997,VT,37.8
1995,ME,37.8
1999,US,37.8
1993,TN,37.8
1999,WI,37.8
1999,AR,37.9
2005,MT,38
1995,SD,38
1993,WV,38
1995,WY,38
1997,OH,38.1
1997,MA,38.1
1999,WI,38.1
1997,MT,38.1
1997,WY,38.1
1997,MI,38.2
1997,MI,38.2
1997,LA,38.2
1997,MI,38.2
1999,ND,38.2
2009,VT,38.2
1999,WI,38.2
2001,AR,38.3
1995,US,38.3
1997,VT,38.3
1997,LA,38.4
1995,ND,38.4
1999,US,38.6
1997,SC,38.6
1995,ME,38.7
1997,ME,38.7
1995,ND,38.7
1997,VT,38.8
1997,MT,38.8
1993,WV,38.9
1995,SD,38.9
1999,HI,38.9
1995,GU,39
2009,WY,39
2005,ND,39.1
2001,GU,39.1
1999,DE,39.2
1993,SD,39.2
1997,ME,39.2
1995,WY,39.2
1993,WV,39.4
1999,MO,39.4
1995,MO,39.4
1997,GU,39.4
1997,AL,39.5
1995,WY,39.5
1999,AR,39.6
1995,VT,39.6
1997,IA,39.6
1995,ND,39.6
1999,WI,39.6
1995,MS,39.6
1997,US,39.7
1997,MO,39.7
1993,WV,39.7
1999,VT,39.7
1997,WI,39.8
1995,WY,39.8
1995,MO,39.8
1995,NH,39.9
1995,MA,39.9
1999,AL,40
1995,VT,40
1999,OH,40
1995,AR,40.1
1997,RI,40.1
1999,OH,40.1
1999,ND,40.2
1997,NY,40.2
1995,MO,40.2
1999,OH,40.3
1997,MO,40.3
1995,VT,40.3
1999,OH,40.5
1995,ND,40.5
1999,ND,40.6
1997,SC,40.6
1999,WV,40.6
1997,ME,40.8
1997,MO,40.8
1995,MO,40.8
1997,AR,40.8
2009,ME,40.9
1999,AL,41
1999,ND,41
1997,MI,41.1
2005,MI,41.1
1995,GU,41.1
1997,AL,41.2
1999,AR,41.2
1997,WV,41.3
2011,MT,41.4
1997,GU,41.6
1997,WV,41.6
1999,SD,41.8
2007,AZ,41.9
1999,SC,41.9
1999,WV,41.9
1997,WV,41.9
1999,SD,42
1995,SC,42
1999,WV,42.2
1997,WV,42.4
1995,WV,42.5
1995,UT,42.6
1999,AR,42.7
1993,MS,42.7
1997,SD,42.8
1995,WV,43
1995,WV,43.1
1997,AR,43.2
1995,GU,43.3
1997,MO,43.4
1995,IL,43.4
1995,WV,43.4
1997,SD,43.6
1999,SD,43.6
1999,WV,43.7
1995,AR,43.8
1999,MS,43.8
1997,SD,44
2001,GU,44
1997,MS,44.1
2003,AK,44.2
1997,SD,44.3
1997,US,44.4
1997,GU,44.7
2007,MT,44.9
1993,MT,45
2001,US,45.1
2003,MT,45.2
1997,KY,45.3
1999,SD,45.5
1997,AR,45.6
2005,OK,45.6
1999,SC,45.9
2007,ND,46.5
1995,WY,46.9
1997,KY,47
1999,WY,47.2
1997,SC,47.2
1997,WY,47.3
1997,LA,47.3
1995,MS,47.4
1997,KY,47.7
2003,ND,48
1997,AR,48.1
1997,GU,48.3
1997,KY,48.4
1995,MT,49.1
1997,MT,51.3
2007,SD,53.9
2001,MT,57.2
2001,SD,59.2
1999,MT,61.7
1995,AK,61.9
2003,SD,62.3
